"name","year","category_name","link","pieces","set","price_link","times_sold","total_qty","min_price","avg_price","qty_avg_price","max_price"
"Hogwarts Castle",2018,"Harry Potter","https://www.bricklink.com/v2/catalog/catalogitem.page?S=71043-1",5975," Harry Potter: Sculptures","http://www.bricklink.com/catalogPG.asp?S=71043-1&ColorID=0","58","61",29.96,313.92,315.05,432.19
"Diagon Alley",2011,"Harry Potter","https://www.bricklink.com/v2/catalog/catalogitem.page?S=75978-1",5475," Harry Potter","http://www.bricklink.com/catalogPG.asp?S=75978-1&ColorID=0","20","20",260.18,370.13,370.13,419.99
"Diagon Alley",2011,"Harry Potter","https://www.bricklink.com/v2/catalog/catalogitem.page?S=10217-1",1977," Harry Potter","http://www.bricklink.com/catalogPG.asp?S=10217-1&ColorID=0","2","3",266.99,302.49,314.33,338
"Hogwarts Castle {4th edition}",2010,"Harry Potter","https://www.bricklink.com/v2/catalog/catalogitem.page?S=4842-1",1234," Harry Potter","http://www.bricklink.com/catalogPG.asp?S=4842-1&ColorID=0","3","3",186.08,283.07,283.07,431.57
"Attack on the Burrow",2020,"Harry Potter","https://www.bricklink.com/v2/catalog/catalogitem.page?S=75980-1",1015," Harry Potter: Half-Blood Prince","http://www.bricklink.com/catalogPG.asp?S=75980-1&ColorID=0","64","103",71.14,100.47,103.48,127.83
"Hogwarts Astronomy Tower",2020,"Harry Potter","https://www.bricklink.com/v2/catalog/catalogitem.page?S=75969-1",938," Harry Potter: Half-Blood Prince","http://www.bricklink.com/catalogPG.asp?S=75969-1&ColorID=0","46","52",52.09,71.2,71.23,136.59
"Hogwarts Castle {3rd edition}",2007,"Harry Potter","https://www.bricklink.com/v2/catalog/catalogitem.page?S=5378-1",905," Harry Potter: Order of the Phoenix","http://www.bricklink.com/catalogPG.asp?S=5378-1&ColorID=0","1","1",302.48,302.48,302.48,302.48
"Hogwarts Clock Tower",2019,"Harry Potter","https://www.bricklink.com/v2/catalog/catalogitem.page?S=75948-1",888," Harry Potter: Goblet of Fire","http://www.bricklink.com/catalogPG.asp?S=75948-1&ColorID=0","68","116",45.16,61.16,64.3,84
"Hogwarts Castle {2nd edition}",2004,"Harry Potter","https://www.bricklink.com/v2/catalog/catalogitem.page?S=4757-1",887," Harry Potter: Prisoner of Azkaban","http://www.bricklink.com/catalogPG.asp?S=4757-1&ColorID=0","8","8",107.88,162.44,162.44,232.15
"Hogwarts Great Hall",2018,"Harry Potter","https://www.bricklink.com/v2/catalog/catalogitem.page?S=75954-1",835," Harry Potter: Sorcerer's Stone","http://www.bricklink.com/catalogPG.asp?S=75954-1&ColorID=0","69","118",66.77,91.34,91.25,124.12
"Hogwarts Express {4th edition}",2018,"Harry Potter","https://www.bricklink.com/v2/catalog/catalogitem.page?S=75955-1",776," Harry Potter: Prisoner of Azkaban","http://www.bricklink.com/catalogPG.asp?S=75955-1&ColorID=0","97","178",25.99,64.86,67.39,104.49
"4 Privet Drive",2020,"Harry Potter","https://www.bricklink.com/v2/catalog/catalogitem.page?S=75968-1",774," Harry Potter: Chamber of Secrets","http://www.bricklink.com/catalogPG.asp?S=75968-1&ColorID=0","61","84",30,48.87,50.14,79.6
"Expecto Patronum",2019,"Harry Potter","https://www.bricklink.com/v2/catalog/catalogitem.page?S=76414-1",746," Harry Potter: Sculptures","http://www.bricklink.com/catalogPG.asp?S=76414-1&ColorID=0","20","39",35.85,50.44,49.33,64.66
"Hogwarts Whomping Willow",2018,"Harry Potter","https://www.bricklink.com/v2/catalog/catalogitem.page?S=75953-1",729," Harry Potter: Chamber of Secrets","http://www.bricklink.com/catalogPG.asp?S=75953-1&ColorID=0","50","98",42.87,58.95,59.75,95.48
"Motorized Hogwarts Express",2004,"Harry Potter","https://www.bricklink.com/v2/catalog/catalogitem.page?S=10132-1",690," Harry Potter: Prisoner of Azkaban: Train: 9V","http://www.bricklink.com/catalogPG.asp?S=10132-1&ColorID=0","2","2",661.16,766.2,766.2,871.25
"Disney Train and Station",2019,"Disney","https://www.bricklink.com/v2/catalog/catalogitem.page?S=71044-1",2908," Disney","http://www.bricklink.com/catalogPG.asp?S=71044-1&ColorID=0","47","51",92.335,337.95,339.12,537.7525
"Mickey Mouse & Minnie Mouse",2020,"Disney","https://www.bricklink.com/v2/catalog/catalogitem.page?S=43179-1",1739," Disney: Sculptures","http://www.bricklink.com/catalogPG.asp?S=43179-1&ColorID=0","13","19",131.14,156.335,156.9075,204.195
"Elsa's Magical Ice Palace",2017,"Disney","https://www.bricklink.com/v2/catalog/catalogitem.page?S=41148-1",676," Disney: Disney Princess: Frozen","http://www.bricklink.com/catalogPG.asp?S=41148-1&ColorID=0","3","3",23.2875,30.7975,30.7975,40.91
"Elsa's Magical Ice Palace {Reissue}",2019,"Disney","https://www.bricklink.com/v2/catalog/catalogitem.page?S=43172-1",676," Disney: Disney Princess: Frozen","http://www.bricklink.com/catalogPG.asp?S=43172-1&ColorID=0","6","7",72.74,109.2225,110.83,141.3275
"Cinderella's Romantic Castle",2014,"Disney","https://www.bricklink.com/v2/catalog/catalogitem.page?S=41055-1",638," Disney: Disney Princess: Cinderella","http://www.bricklink.com/catalogPG.asp?S=41055-1&ColorID=0","5","14",60.65,82.9075,73.185,99.17
"Cinderella's Dream Castle",2018,"Disney","https://www.bricklink.com/v2/catalog/catalogitem.page?S=41154-1",577," Disney: Disney Princess: Cinderella","http://www.bricklink.com/catalogPG.asp?S=41154-1&ColorID=0","6","6",73.775,84.7,84.7,94.0875
"Arendelle Castle Village",2019,"Disney","https://www.bricklink.com/v2/catalog/catalogitem.page?S=41167-1",508," Disney: Disney Princess: Frozen: Frozen II","http://www.bricklink.com/catalogPG.asp?S=41167-1&ColorID=0","11","13",52.2025,62.375,64.775,77.9775
"Arendelle Castle Celebration",2016,"Disney","https://www.bricklink.com/v2/catalog/catalogitem.page?S=41068-1",453," Disney: Disney Princess: Frozen","http://www.bricklink.com/catalogPG.asp?S=41068-1&ColorID=0","8","14",51.09,59.1775,58.855,65.2625
"Ariel's Royal Celebration Boat",2018,"Disney","https://www.bricklink.com/v2/catalog/catalogitem.page?S=41153-1",371," Disney: Disney Princess: The Little Mermaid","http://www.bricklink.com/catalogPG.asp?S=41153-1&ColorID=0","7","10",34.4575,43.665,43.4975,50.7375
"Ariel's Undersea Palace",2015,"Disney","https://www.bricklink.com/v2/catalog/catalogitem.page?S=41063-1",369," Disney: Disney Princess: The Little Mermaid","http://www.bricklink.com/catalogPG.asp?S=41063-1&ColorID=0","5","5",25.1075,46.9525,46.9525,82.9
"Rapunzel's Tower",2020,"Disney","https://www.bricklink.com/v2/catalog/catalogitem.page?S=43187-1",359," Disney: Disney Princess: Tangled","http://www.bricklink.com/catalogPG.asp?S=43187-1&ColorID=0","11","16",51.7875,58.4675,59.73,76.7525
"Belle's Enchanted Castle",2016,"Disney","https://www.bricklink.com/v2/catalog/catalogitem.page?S=41067-1",342," Disney: Disney Princess: Beauty and the Beast","http://www.bricklink.com/catalogPG.asp?S=41067-1&ColorID=0","3","3",54.6525,59.7625,59.7625,64.3475
"Cinderella's Enchanted Evening",2017,"Disney","https://www.bricklink.com/v2/catalog/catalogitem.page?S=41146-1",341," Disney: Disney Princess: Cinderella","http://www.bricklink.com/catalogPG.asp?S=41146-1&ColorID=0","1","1",42.16,42.16,42.16,42.16
"Rapunzel's Traveling Caravan",2018,"Disney","https://www.bricklink.com/v2/catalog/catalogitem.page?S=41157-1",313," Disney: Disney Princess: Tangled: Tangled The Series","http://www.bricklink.com/catalogPG.asp?S=41157-1&ColorID=0","4","5",26.63,33.2875,33.2425,37.0675
"Sleeping Beauty's Fairytale Castle",2018,"Disney","https://www.bricklink.com/v2/catalog/catalogitem.page?S=41152-1",311," Disney: Disney Princess: Sleeping Beauty","http://www.bricklink.com/catalogPG.asp?S=41152-1&ColorID=0","6","7",56.835,63.4825,63.2925,70.465
"Millennium Falcon - UCS {2nd edition}",2017,"Star Wars","https://www.bricklink.com/v2/catalog/catalogitem.page?S=75192-1",7513," Star Wars: Ultimate Collector Series: Star Wars Other","http://www.bricklink.com/catalogPG.asp?S=75192-1&ColorID=0","81","81",309.705882352941,584.317647058824,584.317647058824,1841.81176470588
"Millennium Falcon - UCS {1st edition}",2007,"Star Wars","https://www.bricklink.com/v2/catalog/catalogitem.page?S=10179-1",5174," Star Wars: Ultimate Collector Series: Star Wars Episode 4/5/6","http://www.bricklink.com/catalogPG.asp?S=10179-1&ColorID=0","4","5",790,1448.64705882353,1576.24705882353,2086.62352941177
"Imperial Star Destroyer - UCS {2nd edition}",2019,"Star Wars","https://www.bricklink.com/v2/catalog/catalogitem.page?S=75252-1",4776," Star Wars: Ultimate Collector Series: Star Wars Episode 4/5/6","http://www.bricklink.com/catalogPG.asp?S=75252-1&ColorID=0","48","48",494.752941176471,828.6,828.6,1208.77647058824
"Death Star - UCS {2nd edition}",2016,"Star Wars","https://www.bricklink.com/v2/catalog/catalogitem.page?S=75159-1",3896," Star Wars: Ultimate Collector Series: Star Wars Episode 4/5/6","http://www.bricklink.com/catalogPG.asp?S=75159-1&ColorID=0","23","24",185.835294117647,758.011764705882,760.847058823529,1142.32941176471
"Death Star - UCS {1st edition}",2008,"Star Wars","https://www.bricklink.com/v2/catalog/catalogitem.page?S=10188-1",3696," Star Wars: Ultimate Collector Series: Star Wars Episode 4/5/6","http://www.bricklink.com/catalogPG.asp?S=10188-1&ColorID=0","26","26",28,680.905882352941,680.905882352941,842.282352941177
"Death Star II - UCS",2005,"Star Wars","https://www.bricklink.com/v2/catalog/catalogitem.page?S=10143-1",3447," Star Wars: Ultimate Collector Series: Star Wars Episode 4/5/6","http://www.bricklink.com/catalogPG.asp?S=10143-1&ColorID=0","9","9",260.176470588235,1906.4,1906.4,3629.84705882353
"Sandcrawler - UCS",2014,"Star Wars","https://www.bricklink.com/v2/catalog/catalogitem.page?S=75059-1",3195," Star Wars: Ultimate Collector Series: Star Wars Episode 4/5/6","http://www.bricklink.com/catalogPG.asp?S=75059-1&ColorID=0","43","45",193.164705882353,437.070588235294,430.988235294118,568.458823529412
"Super Star Destroyer - UCS",2011,"Star Wars","https://www.bricklink.com/v2/catalog/catalogitem.page?S=10221-1",3124," Star Wars: Ultimate Collector Series: Star Wars Episode 4/5/6","http://www.bricklink.com/catalogPG.asp?S=10221-1&ColorID=0","35","37",434.164705882353,849.458823529412,838.788235294118,1418.23529411765
"Imperial Star Destroyer - UCS {1st edition}",2002,"Star Wars","https://www.bricklink.com/v2/catalog/catalogitem.page?S=10030-1",3106," Star Wars: Ultimate Collector Series: Star Wars Episode 4/5/6","http://www.bricklink.com/catalogPG.asp?S=10030-1&ColorID=0","6","6",366.623529411765,912.623529411765,912.623529411765,1414.31764705882
"Mos Eisley Cantina",2014,"Star Wars","https://www.bricklink.com/v2/catalog/catalogitem.page?S=75290-1",3090," Star Wars: Master Builder Series: Star Wars Episode 4/5/6","http://www.bricklink.com/catalogPG.asp?S=75290-1&ColorID=0","270","330",136.376470588235,345.447058823529,342.482352941176,458.682352941176
"Betrayal at Cloud City",2018,"Star Wars","https://www.bricklink.com/v2/catalog/catalogitem.page?S=75222-1",2732," Star Wars: Master Builder Series: Star Wars Episode 4/5/6","http://www.bricklink.com/catalogPG.asp?S=75222-1&ColorID=0","25","27",193.211764705882,695.541176470588,658.329411764706,1042.2
"Imperial Shuttle - UCS",2010,"Star Wars","https://www.bricklink.com/v2/catalog/catalogitem.page?S=10212-1",2482," Star Wars: Ultimate Collector Series: Star Wars Episode 4/5/6","http://www.bricklink.com/catalogPG.asp?S=10212-1&ColorID=0","26","27",385.929411764706,811.423529411765,795.658823529412,1332.18823529412
"R2-D2 - UCS",2012,"Star Wars","https://www.bricklink.com/v2/catalog/catalogitem.page?S=10225-1",2123," Star Wars: Ultimate Collector Series: Star Wars Episode 4/5/6","http://www.bricklink.com/catalogPG.asp?S=10225-1&ColorID=0","8","8",135.305882352941,195.658823529412,195.658823529412,249.823529411765
"Assault on Hoth - UCS",2016,"Star Wars","https://www.bricklink.com/v2/catalog/catalogitem.page?S=75098-1",2067," Star Wars: Ultimate Collector Series: Star Wars Episode 4/5/6","http://www.bricklink.com/catalogPG.asp?S=75098-1&ColorID=0","16","16",155.835294117647,468.141176470588,468.141176470588,644.858823529412
"Slave I - UCS",2015,"Star Wars","https://www.bricklink.com/v2/catalog/catalogitem.page?S=75060-1",1984," Star Wars: Ultimate Collector Series: Star Wars Episode 4/5/6","http://www.bricklink.com/catalogPG.asp?S=75060-1&ColorID=0","63","63",138.070588235294,385.188235294118,385.188235294118,543.364705882353
"The Tower of Orthanc",2013,"The Hobbit and The Lord of the Rings","https://www.bricklink.com/v2/catalog/catalogitem.page?S=10237-1",2335," The Hobbit and The Lord of the Rings: The Lord of the Rings","http://www.bricklink.com/catalogPG.asp?S=10237-1&ColorID=0","29","29",206.907407407407,832.861111111111,832.861111111111,1211.22222222222
"The Battle of Helm's Deep",2012,"The Hobbit and The Lord of the Rings","https://www.bricklink.com/v2/catalog/catalogitem.page?S=9474-1",1332," The Hobbit and The Lord of the Rings: The Lord of the Rings","http://www.bricklink.com/catalogPG.asp?S=9474-1&ColorID=0","20","20",185.175925925926,465.240740740741,465.240740740741,629.759259259259
"The Lonely Mountain",2014,"The Hobbit and The Lord of the Rings","https://www.bricklink.com/v2/catalog/catalogitem.page?S=79018-1",846," The Hobbit and The Lord of the Rings: The Hobbit: The Battle of the Five Armies","http://www.bricklink.com/catalogPG.asp?S=79018-1&ColorID=0","26","33",383.472222222222,595.666666666667,591.361111111111,761.935185185185
"The Goblin King Battle",2012,"The Hobbit and The Lord of the Rings","https://www.bricklink.com/v2/catalog/catalogitem.page?S=79010-1",799," The Hobbit and The Lord of the Rings: The Hobbit","http://www.bricklink.com/catalogPG.asp?S=79010-1&ColorID=0","27","32",70.3703703703704,225.212962962963,225.472222222222,336.712962962963
"Dol Guldur Battle",2013,"The Hobbit and The Lord of the Rings","https://www.bricklink.com/v2/catalog/catalogitem.page?S=79014-1",763," The Hobbit and The Lord of the Rings: The Hobbit","http://www.bricklink.com/catalogPG.asp?S=79014-1&ColorID=0","19","19",100.787037037037,244.527777777778,244.527777777778,387.435185185185
"The Mines of Moria",2012,"The Hobbit and The Lord of the Rings","https://www.bricklink.com/v2/catalog/catalogitem.page?S=9473-1",730," The Hobbit and The Lord of the Rings: The Lord of the Rings","http://www.bricklink.com/catalogPG.asp?S=9473-1&ColorID=0","16","17",257.074074074074,291.851851851852,291.148148148148,343.509259259259
"Pirate Ship Ambush",2013,"The Hobbit and The Lord of the Rings","https://www.bricklink.com/v2/catalog/catalogitem.page?S=79008-1",717," The Hobbit and The Lord of the Rings: The Lord of the Rings","http://www.bricklink.com/catalogPG.asp?S=79008-1&ColorID=0","43","44",83.3240740740741,334.305555555556,333.75,442.472222222222
"Battle at the Black Gate",2013,"The Hobbit and The Lord of the Rings","https://www.bricklink.com/v2/catalog/catalogitem.page?S=79007-1",634," The Hobbit and The Lord of the Rings: The Lord of the Rings","http://www.bricklink.com/catalogPG.asp?S=79007-1&ColorID=0","19","21",106.37037037037,322.166666666667,303.944444444444,393.518518518518
"An Unexpected Gathering",2012,"The Hobbit and The Lord of the Rings","https://www.bricklink.com/v2/catalog/catalogitem.page?S=79003-1",623," The Hobbit and The Lord of the Rings: The Hobbit","http://www.bricklink.com/catalogPG.asp?S=79003-1&ColorID=0","28","29",94.4444444444444,262.462962962963,261.296296296296,356.435185185185
"Lake-town Chase",2013,"The Hobbit and The Lord of the Rings","https://www.bricklink.com/v2/catalog/catalogitem.page?S=79013-1",448," The Hobbit and The Lord of the Rings: The Hobbit","http://www.bricklink.com/catalogPG.asp?S=79013-1&ColorID=0","14","15",152.777777777778,196.055555555556,195.333333333333,296.296296296296
"The Battle of Five Armies",2014,"The Hobbit and The Lord of the Rings","https://www.bricklink.com/v2/catalog/catalogitem.page?S=79017-1",446," The Hobbit and The Lord of the Rings: The Hobbit: The Battle of the Five Armies","http://www.bricklink.com/catalogPG.asp?S=79017-1&ColorID=0","19","20",172.268518518519,264.685185185185,263.018518518518,402.111111111111
"Attack on Weathertop",2012,"The Hobbit and The Lord of the Rings","https://www.bricklink.com/v2/catalog/catalogitem.page?S=9472-1",406," The Hobbit and The Lord of the Rings: The Lord of the Rings","http://www.bricklink.com/catalogPG.asp?S=9472-1&ColorID=0","20","21",25.9259259259259,209.222222222222,200.5,362.425925925926
"Attack of the Wargs",2012,"The Hobbit and The Lord of the Rings","https://www.bricklink.com/v2/catalog/catalogitem.page?S=79002-1",378," The Hobbit and The Lord of the Rings: The Hobbit","http://www.bricklink.com/catalogPG.asp?S=79002-1&ColorID=0","21","22",36.1111111111111,143.87962962963,144.259259259259,191.083333333333
"The Orc Forge",2012,"The Hobbit and The Lord of the Rings","https://www.bricklink.com/v2/catalog/catalogitem.page?S=9476-1",347," The Hobbit and The Lord of the Rings: The Lord of the Rings","http://www.bricklink.com/catalogPG.asp?S=9476-1&ColorID=0","21","21",180.916666666667,210.796296296296,210.796296296296,310.277777777778
"Barrel Escape",2012,"The Hobbit and The Lord of the Rings","https://www.bricklink.com/v2/catalog/catalogitem.page?S=79004-1",313," The Hobbit and The Lord of the Rings: The Hobbit","http://www.bricklink.com/catalogPG.asp?S=79004-1&ColorID=0","10","11",37.0277777777778,127.472222222222,132.722222222222,257.37037037037
"Town Plan",2008,"Town","https://www.bricklink.com/v2/catalog/catalogitem.page?S=10184-1",1948," Town: Town Plan","http://www.bricklink.com/catalogPG.asp?S=10184-1&ColorID=0","1","1",351.030181086519,351.030181086519,351.030181086519,351.030181086519
"City Square",2015,"Town","https://www.bricklink.com/v2/catalog/catalogitem.page?S=60097-1",1623," Town: City: Traffic","http://www.bricklink.com/catalogPG.asp?S=60097-1&ColorID=0","18","18",63.0442655935614,169.959758551308,169.959758551308,200.277665995976
"Main Square",2020,"Town","https://www.bricklink.com/v2/catalog/catalogitem.page?S=60271-1",1455," Town: City: Building","http://www.bricklink.com/catalogPG.asp?S=60271-1&ColorID=0","9","10",83.5553319919517,131.832997987928,129.505030181087,171.394366197183
"Volcano Heavy-lift Helicopter",2016,"Town","https://www.bricklink.com/v2/catalog/catalogitem.page?S=60125-1",1238," Town: City: Volcano Explorers","http://www.bricklink.com/catalogPG.asp?S=60125-1&ColorID=0","4","4",148.022132796781,172.404426559356,172.404426559356,200.27967806841
"Jungle Air Drop Helicopter",2017,"Town","https://www.bricklink.com/v2/catalog/catalogitem.page?S=60162-1",1221," Town: City: Jungle","http://www.bricklink.com/catalogPG.asp?S=60162-1&ColorID=0","1","1",256.985915492958,256.985915492958,256.985915492958,256.985915492958
"Harbor",2011,"Town","https://www.bricklink.com/v2/catalog/catalogitem.page?S=60422-1",1190," Town: City: Harbor","http://www.bricklink.com/catalogPG.asp?S=60422-1&ColorID=0","8","8",67.2816901408451,83.0965794768612,83.0965794768612,95.4024144869215
"Capital City",2018,"Town","https://www.bricklink.com/v2/catalog/catalogitem.page?S=60200-1",1158," Town: City: Building","http://www.bricklink.com/catalogPG.asp?S=60200-1&ColorID=0","7","7",118.424547283702,174.686116700201,174.686116700201,198.38430583501
"Launch & Load Seaport",1991,"Town","https://www.bricklink.com/v2/catalog/catalogitem.page?S=6542-1",1036," Town: Classic Town: Harbor","http://www.bricklink.com/catalogPG.asp?S=6542-1&ColorID=0","5","5",696.828973843058,895.189134808853,895.189134808853,1175.72837022133
"Rocket Assembly & Transport",2019,"Town","https://www.bricklink.com/v2/catalog/catalogitem.page?S=60229-1",1011," Town: City: Space Exploration","http://www.bricklink.com/catalogPG.asp?S=60229-1&ColorID=0","19","21",71.7344064386318,106.41046277666,107.241448692153,133.249496981891
"Garage",1979,"Town","https://www.bricklink.com/v2/catalog/catalogitem.page?S=7642-1",937," Town: City: Traffic","http://www.bricklink.com/catalogPG.asp?S=7642-1&ColorID=0","3","3",200.281690140845,223.146881287726,223.146881287726,234.832997987928
"Police Headquarters",1979,"Town","https://www.bricklink.com/v2/catalog/catalogitem.page?S=7744-1",924," Town: City: Police","http://www.bricklink.com/catalogPG.asp?S=7744-1&ColorID=0","2","2",223.040241448692,253.265593561368,253.265593561368,283.492957746479
"City Garage",2012,"Town","https://www.bricklink.com/v2/catalog/catalogitem.page?S=4207-1",913," Town: City: Traffic","http://www.bricklink.com/catalogPG.asp?S=4207-1&ColorID=0","6","6",150.201207243461,172.607645875252,172.607645875252,188.617706237425
"Downtown Fire Brigade",2019,"Town","https://www.bricklink.com/v2/catalog/catalogitem.page?S=60216-1",910," Town: City: Fire","http://www.bricklink.com/catalogPG.asp?S=60216-1&ColorID=0","12","12",13.7665995975855,103.804828973843,103.804828973843,172.760563380282
"Fire Station",1978,"Town","https://www.bricklink.com/v2/catalog/catalogitem.page?S=60110-1",887," Town: City: Fire","http://www.bricklink.com/catalogPG.asp?S=60110-1&ColorID=0","8","8",106.394366197183,133.959758551308,133.959758551308,169.255533199195
"Deep Sea Operation Base",2015,"Town","https://www.bricklink.com/v2/catalog/catalogitem.page?S=60096-1",882," Town: City: Deep Sea Explorers","http://www.bricklink.com/catalogPG.asp?S=60096-1&ColorID=0","4","4",100.12676056338,112.69416498994,112.69416498994,123.963782696177
"Nintendo Entertainment System",2020,"Super Mario","https://www.bricklink.com/v2/catalog/catalogitem.page?S=71374-1",2645," Super Mario","http://www.bricklink.com/catalogPG.asp?S=71374-1&ColorID=0","83","91",97.5648148148148,214.925925925926,214.842592592593,263.888888888889
"Bowser's Castle Boss Battle - Expansion Set",2020,"Super Mario","https://www.bricklink.com/v2/catalog/catalogitem.page?S=71369-1",810," Super Mario: Super Mario Expansion Set","http://www.bricklink.com/catalogPG.asp?S=71369-1&ColorID=0","5","5",77.7777777777778,93.0648148148148,93.0648148148148,119.435185185185
"Toad's Treasure Hunt - Expansion Set",2020,"Super Mario","https://www.bricklink.com/v2/catalog/catalogitem.page?S=71368-1",390," Super Mario: Super Mario Expansion Set","http://www.bricklink.com/catalogPG.asp?S=71368-1&ColorID=0","9","14",28.6944444444444,32.3333333333333,35.2685185185185,40.5555555555556
"Guarded Fortress - Expansion Set",2020,"Super Mario","https://www.bricklink.com/v2/catalog/catalogitem.page?S=71362-1",374," Super Mario: Super Mario Expansion Set","http://www.bricklink.com/catalogPG.asp?S=71362-1&ColorID=0","11","11",23.5,36.3888888888889,36.3888888888889,46.2962962962963
"King Boo and the Haunted Yard - Expansion Set",2020,"Super Mario","https://www.bricklink.com/v2/catalog/catalogitem.page?S=71377-1",288," Super Mario: Super Mario Expansion Set","http://www.bricklink.com/catalogPG.asp?S=71377-1&ColorID=0","6","6",41.6296296296296,44.7037037037037,44.7037037037037,54.1203703703704
"Thwomp Drop - Expansion Set",2020,"Super Mario","https://www.bricklink.com/v2/catalog/catalogitem.page?S=71376-1",257," Super Mario: Super Mario Expansion Set","http://www.bricklink.com/catalogPG.asp?S=71376-1&ColorID=0","1","1",33.3333333333333,33.3333333333333,33.3333333333333,33.3333333333333
"Adventures with Mario - Starter Course",2020,"Super Mario","https://www.bricklink.com/v2/catalog/catalogitem.page?S=71360-1",179," Super Mario: Super Mario Starter Course","http://www.bricklink.com/catalogPG.asp?S=71360-1&ColorID=0","24","43",25,32.1388888888889,35.4074074074074,45.75
"Mario's House & Yoshi - Expansion Set",2020,"Super Mario","https://www.bricklink.com/v2/catalog/catalogitem.page?S=71367-1",163," Super Mario: Super Mario Expansion Set","http://www.bricklink.com/catalogPG.asp?S=71367-1&ColorID=0","11","24",10.1851851851852,15.4166666666667,14.9722222222222,19.3425925925926
"Desert Pokey - Expansion Set",2020,"Super Mario","https://www.bricklink.com/v2/catalog/catalogitem.page?S=71363-1",116," Super Mario: Super Mario Expansion Set","http://www.bricklink.com/catalogPG.asp?S=71363-1&ColorID=0","11","21",9.71296296296296,14.6759259259259,14.9722222222222,17.8240740740741
"Toad's Special Hideaway - Expansion Set - San Diego Comic-Con 2020 Exclusive",2020,"Super Mario","https://www.bricklink.com/v2/catalog/catalogitem.page?S=77907-1",107," Super Mario: Super Mario Expansion Set","http://www.bricklink.com/catalogPG.asp?S=77907-1&ColorID=0","4","4",15.6851851851852,44.7592592592593,44.7592592592593,105.75
"Monty Mole & Super Mushroom - Expansion Set",2020,"Super Mario","https://www.bricklink.com/v2/catalog/catalogitem.page?S=40414-1",99," Super Mario: Super Mario Expansion Set","http://www.bricklink.com/catalogPG.asp?S=40414-1&ColorID=0","8","8",32.2777777777778,38.9074074074074,38.9074074074074,48.5
"Piranha Plant Power Slide - Expansion Set",2020,"Super Mario","https://www.bricklink.com/v2/catalog/catalogitem.page?S=71365-1",89," Super Mario: Super Mario Expansion Set","http://www.bricklink.com/catalogPG.asp?S=71365-1&ColorID=0","5","7",15.6203703703704,21.3333333333333,21.8518518518519,23.1481481481481
"Whomp's Lava Trouble - Expansion Set",2020,"Super Mario","https://www.bricklink.com/v2/catalog/catalogitem.page?S=71364-1",87," Super Mario: Super Mario Expansion Set","http://www.bricklink.com/catalogPG.asp?S=71364-1&ColorID=0","12","15",9.25,13.8240740740741,13.0925925925926,24.3240740740741
"Boomer Bill Barrage - Expansion Set",2020,"Super Mario","https://www.bricklink.com/v2/catalog/catalogitem.page?S=71366-1",77," Super Mario: Super Mario Expansion Set","http://www.bricklink.com/catalogPG.asp?S=71366-1&ColorID=0","12","30",14.5555555555556,18.1296296296296,17.962962962963,23.1018518518519
"Bullet Bill, Super Mario, Series 1 (Complete Set)",2020,"Super Mario","https://www.bricklink.com/v2/catalog/catalogitem.page?S=char01-5",15," Super Mario: Super Mario Series 1","http://www.bricklink.com/catalogPG.asp?S=char01-5&ColorID=0","7","7",9.63888888888889,13.6759259259259,13.6759259259259,20.3703703703704
"Avengers Tower",2019,"Super Heroes","https://www.bricklink.com/v2/catalog/catalogitem.page?S=76269-1",5052," Super Heroes: Avengers","http://www.bricklink.com/catalogPG.asp?S=76269-1&ColorID=0","27","31",251.04,374.61,376.25,465.78
"The Joker Manor",2017,"Super Heroes","https://www.bricklink.com/v2/catalog/catalogitem.page?S=70922-1",3385," Super Heroes: The LEGO Batman Movie","http://www.bricklink.com/catalogPG.asp?S=70922-1&ColorID=0","18","18",260.94,522.7,522.7,639.97
"1989 Batmobile",2019,"Super Heroes","https://www.bricklink.com/v2/catalog/catalogitem.page?S=76139-1",3294," Super Heroes: Tim Burton's Batman","http://www.bricklink.com/catalogPG.asp?S=76139-1&ColorID=0","67","70",72.5,350.44,350.62,460.5
"The SHIELD Helicarrier",2015,"Super Heroes","https://www.bricklink.com/v2/catalog/catalogitem.page?S=76042-1",2964," Super Heroes: Avengers","http://www.bricklink.com/catalogPG.asp?S=76042-1&ColorID=0","17","17",169.38,401.39,401.39,671.4
"Batman Classic TV Series - Batcave",2016,"Super Heroes","https://www.bricklink.com/v2/catalog/catalogitem.page?S=76052-1",2488," Super Heroes: Batman Classic TV Series","http://www.bricklink.com/catalogPG.asp?S=76052-1&ColorID=0","30","34",160.91,216.63,216.8,266.7
"1989 Batwing",2020,"Super Heroes","https://www.bricklink.com/v2/catalog/catalogitem.page?S=76161-1",2351," Super Heroes: Tim Burton's Batman","http://www.bricklink.com/catalogPG.asp?S=76161-1&ColorID=0","30","31",57.33,187.45,186.91,240.5
"The Tumbler",2014,"Super Heroes","https://www.bricklink.com/v2/catalog/catalogitem.page?S=76023-1",1860," Super Heroes: The Dark Knight Trilogy","http://www.bricklink.com/catalogPG.asp?S=76023-1&ColorID=0","22","25",105.41,195.05,200.68,268.37
"Arkham Asylum Breakout",2012,"Super Heroes","https://www.bricklink.com/v2/catalog/catalogitem.page?S=10937-1",1585," Super Heroes: Batman II","http://www.bricklink.com/catalogPG.asp?S=10937-1&ColorID=0","23","24",150.39,207.14,206.84,307.9
"Arkham Asylum",2017,"Super Heroes","https://www.bricklink.com/v2/catalog/catalogitem.page?S=70912-1",1572," Super Heroes: The LEGO Batman Movie","http://www.bricklink.com/catalogPG.asp?S=70912-1&ColorID=0","15","15",6.78,187.88,187.88,259.99
"The Ultimate Batmobile",2017,"Super Heroes","https://www.bricklink.com/v2/catalog/catalogitem.page?S=70917-1",1405," Super Heroes: The LEGO Batman Movie","http://www.bricklink.com/catalogPG.asp?S=70917-1&ColorID=0","18","18",68.26,197.27,197.27,253.87
"The Hulkbuster: Ultron Edition",2018,"Super Heroes","https://www.bricklink.com/v2/catalog/catalogitem.page?S=76105-1",1358," Super Heroes: Avengers Age of Ultron","http://www.bricklink.com/catalogPG.asp?S=76105-1&ColorID=0","15","15",110.6,147.19,147.19,200
"Avengers Helicarrier",2020,"Super Heroes","https://www.bricklink.com/v2/catalog/catalogitem.page?S=76153-1",1083," Super Heroes: Avengers","http://www.bricklink.com/catalogPG.asp?S=76153-1&ColorID=0","13","15",105.59,136.69,138.41,165.68
"Spider-Man: Web Warriors Ultimate Bridge Battle",2016,"Super Heroes","https://www.bricklink.com/v2/catalog/catalogitem.page?S=76057-1",1062," Super Heroes: Spider-Man","http://www.bricklink.com/catalogPG.asp?S=76057-1&ColorID=0","27","28",94.5,238.1,236.7,315.28
"The Batwing",2017,"Super Heroes","https://www.bricklink.com/v2/catalog/catalogitem.page?S=70916-1",1037," Super Heroes: The LEGO Batman Movie","http://www.bricklink.com/catalogPG.asp?S=70916-1&ColorID=0","19","22",46.89,93.3,91.6,120.55
"Batcave Clayface Invasion",2019,"Super Heroes","https://www.bricklink.com/v2/catalog/catalogitem.page?S=76122-1",1011," Super Heroes: Batman II","http://www.bricklink.com/catalogPG.asp?S=76122-1&ColorID=0","11","11",95.82,132.2,132.2,173.82
